{"2070 Camilla Rd, Mississauga, ON L5A 2J7": [43.5730266, -79.5975993], "95 Paisley Blvd W, Mississauga, ON L5B 1E7": [43.5745632, -79.6133439], "2475 Hurontario St, Mississauga, ON L5A 0A9": [43.5780218, -79.6118333], "121 Agnes St, Mississauga, ON L5B 2H4": [43.5787302, -79.6210251], "2590 Argyle Rd, Mississauga, ON L5B 1V3": [43.5747747, -79.6207468], "2570 Argyle Rd, Mississauga, ON L5B 1V2": [43.5744353, -79.6201228], "275 North Service Rd, Mississauga, ON L5A 1A7": [43.5750363, -79.593688]}