{"2070 Camilla Rd, Mississauga, ON L5A 2J7": [43.5730266, -79.5975993], "95 Paisley Blvd W, Mississauga, ON L5B 1E7": [43.5745632, -79.6133439], "2475 Hurontario St, Mississauga, ON L5A 0A9": [43.5780218, -79.6118333], "121 Agnes St, Mississauga, ON L5B 2H4": [43.5787302, -79.6210251], "2590 Argyle Rd, Mississauga, ON L5B 1V3": [43.5747747, -79.6207468], "2570 Argyle Rd, Mississauga, ON L5B 1V2": [43.5744353, -79.6201228], "275 North Service Rd, Mississauga, ON L5A 1A7": [43.5750363, -79.593688], "75 Seville Cres W, Mississauga, ON L5B 1E6": [43.5875, -79.6356], "535 North Service Rd, Mississauga, ON L5A 1B4": [43.581, -79.628], "120 Dundas St E, Mississauga, ON L5A 1W6": [43.5786, -79.6217], "2247 Hurontario St, Mississauga, ON L5A 2G2": [43.5778, -79.6457], "2235 Promenade Crt, Mississauga, ON L5A 2G1": [43.5773, -79.645], "3575 Kaneff Cres, Mississauga, ON L5A 3Y5": [43.575, -79.642], "185 Enfield Pl, Mississauga, ON L5B 0R3": [43.5907, -79.6443], "30 Central Pky W, Mississauga, ON L5B 1L3": [43.585, -79.6403], "620 Lolita Gardens, Mississauga, ON L5A 3K7": [43.5765, -79.6265], "3620 Kaneff Cres, Mississauga, ON L5A 3X1": [43.5752, -79.6428], "1423 Mississauga Valley Blvd, Mississauga, ON L5A 4A5": [43.584, -79.628], "1547 Mississauga Valley Blvd, Mississauga, ON L5A 3X8": [43.585, -79.63], "1477 Mississauga Valley Blvd, Mississauga, ON L5A 3Y4": [43.5845, -79.629], "30 Elm Dr E, Mississauga, ON L5A 4C3": [43.5905, -79.642], "3665 Arista Way, Mississauga, ON L5A 4A3": [43.584, -79.627], "2375 The Collegeway, Mississauga, ON L5L 2E8": [43.547, -79.692], "2445 The Collegeway, Mississauga, ON L5L 2E5": [43.5485, -79.697], "2550 Eglinton Ave W, Mississauga, ON L5M 0Y2": [43.576, -79.735], "5625 Glen Erin Dr, Mississauga, ON L5M 6V1": [43.5715, -79.734], "2900 Rio Crt, Mississauga, ON L5M 7H5": [43.576, -79.732], "2150 Roche Crt, Mississauga, ON L5K 1T5": [43.523, -79.668], "2215 Sheridan Park Dr, Mississauga, ON L5K 0B2": [43.524, -79.668], "1980 Fowler Dr, Mississauga, ON L5K 1B6": [43.5185, -79.661], "1970 Fowler Dr, Mississauga, ON L5K 1B5": [43.518, -79.661], "2250 Homelands Dr, Mississauga, ON L5K 1G8": [43.5235, -79.672], "2185 Sheridan Park Dr, Mississauga, ON L5K 1C7": [43.524, -79.6685], "6570 Glen Erin Dr, Mississauga, ON L5N 0H4": [43.5985, -79.748], "6550 Glen Erin Dr, Mississauga, ON L5N 3S1": [43.598, -79.7475], "2645 Battleford Rd, Mississauga, ON L5N 3R8": [43.597, -79.756], "2699 Battleford Rd, Mississauga, ON L5N 3R9": [43.597, -79.757], "2770 Aquitaine Ave, Mississauga, ON L5N 3K5": [43.602, -79.751], "2797 Battleford Rd, Mississauga, ON L5N 2W2": [43.5975, -79.7585], "2869 Battleford Rd, Mississauga, ON L5N 2S6": [43.598, -79.761], "190 Queen St S, Mississauga, ON L5M 1L3": [43.584, -79.708], "18 Reid Dr, Mississauga, ON L5M 2A9": [43.581, -79.717], "5 Ann St, Mississauga, ON L5G 3E8": [43.5535, -79.584], "70 Park St E, Mississauga, ON L5G 1M5": [43.5538, -79.581], "28 Elizabeth St N, Mississauga, ON L5G 2Z6": [43.5542, -79.583], "35 Front St S, Mississauga, ON L5H 2C6": [43.552, -79.586], "55 Park St E, Mississauga, ON L5G 1L9": [43.5538, -79.5815], "28 Helene St N, Mississauga, ON L5G 3B7": [43.5548, -79.582], "8 Oakwood Ave N, Mississauga, ON L5G 3L7": [43.554, -79.579], "212 Lakeshore Rd E, Mississauga, ON L5G 1G4": [43.553, -79.5775], "206 Lakeshore Rd E, Mississauga, ON L5G 1G4": [43.553, -79.5777], "7 Elizabeth St N, Mississauga, ON L5G 2Y8": [43.554, -79.583], "30 High St E, Mississauga, ON L5G 1J8": [43.5545, -79.5825], "52 Park St E, Mississauga, ON L5G 1M1": [43.5538, -79.5813], "20 Elizabeth St N, Mississauga, ON L5G 2Z1": [43.5541, -79.583], "26 Park St E, Mississauga, ON L5G 1L6": [43.5538, -79.5814], "12 Park St E, Mississauga, ON L5G 1L5": [43.5538, -79.5817], "1015 Orchard Rd, Mississauga, ON L5E 2N8": [43.567, -79.556], "1285 Lakeshore Rd E, Mississauga, ON L5E 1G4": [43.568, -79.547], "1110 Caven St, Mississauga, ON L5G 4N4": [43.561, -79.571], "1051 Seneca Ave, Mississauga, ON L5G 3X6": [43.565, -79.568], "920 Inverhouse Dr, Mississauga, ON L5J 4B5": [43.5145, -79.628], "2360 Bonner Rd, Mississauga, ON L5J 2C7": [43.517, -79.638], "2150 Bromsgrove Rd, Mississauga, ON L5J 4B3": [43.5125, -79.624], "2077 Barsuda Dr, Mississauga, ON L5J 1V6": [43.518, -79.631], "1785 Bloor St, Mississauga, ON L4X 1S8": [43.602, -79.564], "1745 Bloor St, Mississauga, ON L4X 1S6": [43.602, -79.565], "1867 Bloor St, Mississauga, ON L4X 1T4": [43.602, -79.562], "3410 Havenwood Dr, Mississauga, ON L4X 2M5": [43.604, -79.564], "1465 Tyneburn Cres, Mississauga, ON L4X 1P7": [43.601, -79.568], "1470 Williamsport Dr, Mississauga, ON L4X 1T5": [43.602, -79.566], "1055 Bloor St, Mississauga, ON L4Y 2N5": [43.608, -79.579], "1475 Bloor St, Mississauga, ON L4X 1R7": [43.6035, -79.5705], "38 Annie Craig Dr, Toronto, ON M8V 0C9": [43.6225, -79.479], "30 Shore Breeze Dr, Toronto, ON M8V 0J1": [43.623, -79.479], "185 Legion Rd N, Toronto, ON M8Y 0A1": [43.6225, -79.487], "165 Legion Rd N, Toronto, ON M8Y 0B6": [43.6225, -79.4865], "15 Western Battery Rd, Toronto, ON M6K 3V8": [43.6395, -79.4218], "2230 Lake Shore Blvd W, Toronto, ON M8V 0B5": [43.623, -79.4815], "2212 Lake Shore Blvd W, Toronto, ON M8V 0C2": [43.623, -79.4825], "58 Marine Parade Dr, Toronto, ON M8V 4G1": [43.623, -79.479], "15 Marine Parade Dr, Toronto, ON M8V 3Z1": [43.623, -79.4775], "3 Marine Parade Dr, Toronto, ON M8V 3Z5": [43.6225, -79.4775], "36 Park Lawn Rd, Toronto, ON M8V 0E5": [43.626, -79.48], "1 Palace Pier Crt, Toronto, ON M8V 3W9": [43.6285, -79.476], "240 Lake Promenade, Toronto, ON M8W 1B7": [43.59, -79.543], "220 Lake Promenade, Toronto, ON M8W 1B5": [43.59, -79.544], "3845 Lake Shore Blvd W, Toronto, ON M8W 1R3": [43.59, -79.539], "3650 Lake Shore Blvd W, Toronto, ON M8W 1P1": [43.5945, -79.54], "30 Long Branch Ave, Toronto, ON M8W 3J7": [43.591, -79.541], "3590 Lake Shore Blvd W, Toronto, ON M8W 1N6": [43.597, -79.543], "3479 Lake Shore Blvd W, Toronto, ON M8W 1N3": [43.599, -79.534], "45 Birmingham St, Toronto, ON M8V 3N6": [43.605, -79.518], "24 Eighth St, Toronto, ON M8V 3C1": [43.602, -79.51], "50 Kipling Ave S, Toronto, ON M8V 3N5": [43.604, -79.516], "15 Park Lawn Cres, Toronto, ON M8Y 3H8": [43.628, -79.497], "955 The Queensway, Toronto, ON M8Z 1N9": [43.626, -79.504], "1430 The Queensway, Toronto, ON M8Z 1S5": [43.621, -79.518], "4001 Bloor St W, Toronto, ON M9B 1L4": [43.644, -79.536], "2 Old Mill Dr, Toronto, ON M8X 1G6": [43.6488, -79.4955], "3939 Bloor St W, Toronto, ON M9B 1M3": [43.644, -79.5345], "400 The West Mall, Toronto, ON M9C 1E2": [43.636, -79.565], "350 The West Mall, Toronto, ON M9C 1E8": [43.637, -79.565], "320 The West Mall, Toronto, ON M9C 1E7": [43.6375, -79.565], "390 The West Mall, Toronto, ON M9C 1E1": [43.636, -79.565], "3 Markland Dr, Toronto, ON M9C 1M2": [43.631, -79.566]}